"<b>ржирж╛ ржмрзБржЭрзЗржЗ ржХржиржЬрзНржпрзБржо ржХрж░рждрзЗ ржерж╛ржХрж╛ ЁЯУЪ</b>","<b>рж╕ржорж╕рзНржпрж╛:</b> рждржерзНржп ржорзБржЦрж╕рзНрже ржХрж░рж╛, ржХрж┐ржирзНрждрзБ ржЧржнрзАрж░ржнрж╛ржмрзЗ ржмрзЛржЭрж╛рж░ ржЪрзЗрж╖рзНржЯрж╛ ржирж╛ ржХрж░рж╛<br><br><b>рж╕ржорж╛ржзрж╛ржи:</b> ржирждрзБржи ржЬрзНржЮрж╛ржи ржирж┐ржЬрзЗрж░ ржнрж╛рж╖рж╛рзЯ ржмрзНржпрж╛ржЦрзНржпрж╛ ржХрж░рж╛рж░ ржЪрзЗрж╖рзНржЯрж╛ ржХрж░рзБржи<br><br><b>ржЙржжрж╛рж╣рж░ржг:</b> ржмржЗ ржкрзЬрж╛рж░ ржкрж░ ржирж┐ржЬрзЗ ржирж┐ржЬрзЗ рж╕рж╛рж░рж╛ржВрж╢ ржмрж▓рж╛рж░ ржЪрзЗрж╖рзНржЯрж╛ ржХрж░рж╛"
"<b>ржкрзНржпрж╛рж╕рж┐ржн рж▓рж╛рж░рзНржирж┐ржВрзЯрзЗ ржнрж░рж╕рж╛ ржХрж░рж╛ ЁЯЫЛя╕П</b>","<b>рж╕ржорж╕рзНржпрж╛:</b> рж╢рзБржзрзБ ржнрж┐ржбрж┐ржУ ржжрзЗржЦрж╛ ржмрж╛ ржмржЗ ржкрзЬрж╛, ржХрж┐ржирзНрждрзБ ржПржХржЯрж┐ржн ржПржиржЧрзЗржЬржорзЗржирзНржЯ ржирж╛ ржерж╛ржХрж╛<br><br><b>рж╕ржорж╛ржзрж╛ржи:</b> ржирзЛржЯ ржирж┐ржи, ржкрзНрж░рж╢рзНржи ржХрж░рзБржи, ржЕржирзНржпржХрзЗ рж╢рзЗржЦрж╛ржи<br><br><b>ржЯрж┐ржкрж╕:</b> ржкрзНрж░рждрж┐ржЯрж┐ ржЕржзрзНржпрж╛рзЯ ржкрзЬрж╛рж░ ржкрж░ рзйржЯрж┐ ржкрзНрж░рж╢рзНржи рждрзИрж░рж┐ ржХрж░рзБржи"
"<b>ржнрзБрж▓ ржерзЗржХрзЗ рж╢рзЗржЦрж╛рж░ ржЪрзЗрж╖рзНржЯрж╛ ржирж╛ ржХрж░рж╛ тЭМ</b>","<b>рж╕ржорж╕рзНржпрж╛:</b> ржнрзБрж▓ржХрзЗ ржмрзНржпрж░рзНржерждрж╛ рж╣рж┐рж╕рзЗржмрзЗ ржжрзЗржЦрж╛<br><br><b>рж╕ржорж╛ржзрж╛ржи:</b> ржкрзНрж░рждрж┐ржЯрж┐ ржнрзБрж▓ржХрзЗ ржмрж┐рж╢рзНрж▓рзЗрж╖ржг ржХрж░рзБржи<br><br><b>ржХрзМрж╢рж▓:</b> ржнрзБрж▓рзЗрж░ ржПржХржЯрж┐ рж▓ржЧржмрзБржХ рждрзИрж░рж┐ ржХрж░рзБржи"
"<b>ржХрзЗржмрж▓ ржПржХржЯрж╛ рж╢рзЗржЦрж╛рж░ ржорзНржпрж╛ржержбрзЗржЗ ржнрж░рж╕рж╛ ржХрж░рж╛ ЁЯФД</b>","<b>рж╕ржорж╕рзНржпрж╛:</b> рж╢рзБржзрзБ ржмржЗ ржкрзЬрж╛ ржмрж╛ рж╢рзБржзрзБ ржнрж┐ржбрж┐ржУ ржжрзЗржЦрж╛рж░ ржЙржкрж░ ржирж┐рж░рзНржнрж░рж╢рзАрж▓рждрж╛<br><br><b>рж╕ржорж╛ржзрж╛ржи:</b> ржорж┐ржХрзНрж╕ржб ржорзНржпрж╛ржержб ржмрзНржпржмрж╣рж╛рж░ ржХрж░рзБржи<br><br><b>ржЙржжрж╛рж╣рж░ржг:</b> ржкрзЬрж╛ + ржкрзНрж░рзНржпрж╛ржХржЯрж┐рж╕ + рж╢рзЗржЦрж╛ржирзЛ"
"<b>ржХржарж┐ржи ржмрж┐рж╖рзЯржЧрзБрж▓рзЛ ржПрзЬрж┐рзЯрзЗ ржЪрж▓рж╛ ЁЯШ░</b>","<b>рж╕ржорж╕рзНржпрж╛:</b> ржХржоржлрзЛрж░рзНржЯ ржЬрзЛржирзЗ ржерж╛ржХрж╛рж░ ржХрж╛рж░ржгрзЗ ржЧрзНрж░рзЛрже ржмрж╛ржзрж╛ржЧрзНрж░рж╕рзНржд рж╣рзЯ<br><br><b>рж╕ржорж╛ржзрж╛ржи:</b> рж╕ржкрзНрждрж╛рж╣рзЗ ржПржХржмрж╛рж░ ржХржарж┐ржи ржЯржкрж┐ржХ ржЪрзНржпрж╛рж▓рзЗржЮрзНржЬ ржХрж░рзБржи<br><br><b>ржХрзМрж╢рж▓:</b> Pomodoro ржЯрзЗржХржирж┐ржХрзЗ ржХржарж┐ржи ржмрж┐рж╖рзЯ рж╢рзЗржЦрж╛"
"<b>ржЧрзНржпрж╛ржк ржЫрж╛рзЬрж╛ржЗ ржПржХржЯрж╛ржирж╛ рж▓рж╛рж░рзНржирж┐ржВ ржЪрж╛рж▓рж┐рзЯрзЗ ржпрж╛ржУрзЯрж╛ тП│</b>","<b>рж╕ржорж╕рзНржпрж╛:</b> ржмрзНрж░рзЗржирзЗрж░ рж░рж┐ржЯрзЗржирж╢ржи ржХржорзЗ ржпрж╛рзЯ<br><br><b>рж╕ржорж╛ржзрж╛ржи:</b> ржкрзЛржорзЛржбрзЛрж░рзЛ ржЯрзЗржХржирж┐ржХ ржмрзНржпржмрж╣рж╛рж░ ржХрж░рзБржи<br><br><b>ржлрж░рзНржорзБрж▓рж╛:</b> рзирзл ржорж┐ржирж┐ржЯ рж╢рзЗржЦрж╛ + рзл ржорж┐ржирж┐ржЯ ржмрзНрж░рзЗржХ"
"<b>рж╢рзЗржЦрж╛рж░ ржЙржжрзНржжрзЗрж╢рзНржп рж╕рзНржкрж╖рзНржЯ ржирж╛ рж╣ржУрзЯрж╛ ЁЯОп</b>","<b>рж╕ржорж╕рзНржпрж╛:</b> ржПрж▓рзЛржорзЗрж▓рзЛ рж╢рзЗржЦрж╛, ржлрж▓рж╛ржлрж▓рж╣рзАржирждрж╛<br><br><b>рж╕ржорж╛ржзрж╛ржи:</b> рж╢рзЗржЦрж╛рж░ ржЖржЧрзЗ ржЙржжрзНржжрзЗрж╢рзНржп рж▓рж┐ржЦрзБржи<br><br><b>ржкрзНрж░рж╢рзНржи:</b> 'ржЖржорж┐ ржХрзЗржи ржПржЯрж┐ рж╢рж┐ржЦржЫрж┐?'"
"<b>ржПржХржЯрж╛ржирж╛ рж▓рзЗржЧрзЗ ржирж╛ ржерж╛ржХрж╛ (ржХржирж╕рж┐рж╕рзНржЯрзЗржирзНрж╕рж┐рж░ ржЕржнрж╛ржм) ЁЯУЙ</b>","<b>рж╕ржорж╕рзНржпрж╛:</b> ржЕржирж┐рзЯржорж┐ржд рж╢рзЗржЦрж╛рж░ ржХрж╛рж░ржгрзЗ ржкрзНрж░ржЧрзНрж░рзЗрж╕ ржзрзАрж░ рж╣рзЯ<br><br><b>рж╕ржорж╛ржзрж╛ржи:</b> ржЫрзЛржЯ ржХрж┐ржирзНрждрзБ ржирж┐рзЯржорж┐ржд рж▓ржХрзНрж╖рзНржп рж░рж╛ржЦрзБржи<br><br><b>ржЙржжрж╛рж╣рж░ржг:</b> ржкрзНрж░рждрж┐ржжрж┐ржи рзйрзж ржорж┐ржирж┐ржЯ"
"<b>ржорж╛рж▓рзНржЯрж┐ржЯрж╛рж╕рзНржХрж┐ржВ ржХрж░рж╛рж░ ржЪрзЗрж╖рзНржЯрж╛ ржХрж░рж╛ ЁЯМА</b>","<b>рж╕ржорж╕рзНржпрж╛:</b> ржПржХрж╕рж╛ржерзЗ ржЕржирзЗржХ ржХрж┐ржЫрзБ рж╢рзЗржЦрж╛рж░ ржЪрзЗрж╖рзНржЯрж╛<br><br><b>рж╕ржорж╛ржзрж╛ржи:</b> ржПржХ рж╕ржорзЯрзЗ ржПржХ ржЯржкрж┐ржХрзЗ ржлрзЛржХрж╛рж╕ ржХрж░рзБржи<br><br><b>ржирж┐рзЯржо:</b> ржПржХржЯрж┐ ржЯржкрж┐ржХ рж╢рзЗрж╖ ржХрж░рзЗ ржкрж░ржмрж░рзНрждрзАрждрзЗ ржпрж╛ржи"
"<b>рж▓рж╛рж░рзНржирж┐ржВрзЯрзЗ ржкрзНрж░рж╛рзЯрзЛрж░рж┐ржЯрж┐ ржарж┐ржХ ржирж╛ ржХрж░рж╛ тЪЦя╕П</b>","<b>рж╕ржорж╕рзНржпрж╛:</b> ржЧрзБрж░рзБрждрзНржмржкрзВрж░рзНржг ржмрж┐рж╖рзЯрзЗ рж╕ржорзЯ ржирж╛ ржжрзЗрзЯрж╛<br><br><b>рж╕ржорж╛ржзрж╛ржи:</b> рзорзж/рзирзж рж░рзБрж▓ ржЕржирзБрж╕рж░ржг ржХрж░рзБржи<br><br><b>ржЯрж┐ржкрж╕:</b> ржпрзЗ рзирзж% ржЬрзНржЮрж╛ржи рзорзж% ржХрж╛ржЬрзЗ рж▓рж╛ржЧржмрзЗ рж╕рзЗржЯрж╛ рж╢рж┐ржЦрзБржи"
"<b>ржпржерзЗрж╖рзНржЯ ржкрзНрж░тАНрзНржпрж╛ржХржЯрж┐рж╕ ржирж╛ ржХрж░рж╛ ЁЯПЛя╕П</b>","<b>рж╕ржорж╕рзНржпрж╛:</b> ржерж┐ржУрж░рж┐ ржЬрж╛ржирж╛, ржХрж┐ржирзНрждрзБ ржмрж╛рж╕рзНрждржмрзЗ ржЕрзНржпрж╛ржкрзНрж▓рж╛ржЗ ржирж╛ ржХрж░рж╛<br><br><b>рж╕ржорж╛ржзрж╛ржи:</b> рж╢рзЗржЦрж╛рж░ ржкрж░ рзиx ржкрзНрж░рзНржпрж╛ржХржЯрж┐рж╕ ржХрж░рзБржи<br><br><b>ржлрж░рзНржорзБрж▓рж╛:</b> рзз ржШржгрзНржЯрж╛ рж╢рзЗржЦрж╛ = рзи ржШржгрзНржЯрж╛ ржкрзНрж░рзНржпрж╛ржХржЯрж┐рж╕"
"<b>ржЫрзЛржЯ ржкрзНрж░ржЧрзНрж░рзЗрж╕ржЧрзБрж▓рзЛржХрзЗ ржЧрзБрж░рзБрждрзНржм ржирж╛ ржжрзЗрзЯрж╛ ЁЯМ▒</b>","<b>рж╕ржорж╕рзНржпрж╛:</b> 'ржкрж░рзНржпрж╛ржкрзНржд ржЙржирзНржирждрж┐ рж╣ржЪрзНржЫрзЗ ржирж╛' ржнрзЗржмрзЗ рж╣рждрж╛рж╢рж╛<br><br><b>рж╕ржорж╛ржзрж╛ржи:</b> ржбрзЗржЗрж▓рж┐/ржЙржЗржХрж▓рж┐ ржкрзНрж░ржЧрзНрж░рзЗрж╕ ржЯрзНрж░рзНржпрж╛ржХ ржХрж░рзБржи<br><br><b>ржЯрж┐ржкрж╕:</b> ржПржХржЯрж┐ рж▓рж╛рж░рзНржирж┐ржВ ржЬрж╛рж░рзНржирж╛рж▓ рж░рж╛ржЦрзБржи"
"<b>Active Learning (ржПржХржЯрж┐ржн рж▓рж╛рж░рзНржирж┐ржВ) ЁЯОо</b>","<b>ржкржжрзНржзрждрж┐:</b> рж╢рзЗржЦрж╛рж░ рж╕рж╛ржерзЗ рж╕рж╛ржерзЗ ржкрзНрж░рзНржпрж╛ржХржЯрж┐рж╕ ржХрж░рж╛<br><br><b>ржЙржжрж╛рж╣рж░ржг:</b> ржкрзЬрж╛рж░ ржкрж░ ржирж┐ржЬрзЗ ржирж┐ржЬрзЗ ржмрзНржпрж╛ржЦрзНржпрж╛ ржХрж░рж╛<br><br><b>ржлрж╛рзЯржжрж╛:</b> ржжрзАрж░рзНржШрж╕рзНржерж╛рзЯрзА рж╕рзНржорзГрждрж┐ рждрзИрж░рж┐ рж╣рзЯ"
"<b>Mixed Methods (ржорж┐ржХрзНрж╕ржб ржорзНржпрж╛ржержб) ЁЯзй</b>","<b>ржкржжрзНржзрждрж┐:</b> ржмрж┐ржнрж┐ржирзНржи ржЙржкрж╛рзЯрзЗ рж╢рзЗржЦрж╛<br><br><b>ржЙржжрж╛рж╣рж░ржг:</b> ржмржЗ + ржнрж┐ржбрж┐ржУ + ржорзЗржирзНржЯрж░ + ржкрзНрж░ржЬрзЗржХрзНржЯ<br><br><b>ржлрж╛рзЯржжрж╛:</b> рж╕ржорзНржкрзВрж░рзНржг ржмрзБржЭрждрзЗ рж╕рж╛рж╣рж╛ржпрзНржп ржХрж░рзЗ"
"<b>Clear Goals (рж╕рзНржкрж╖рзНржЯ рж▓ржХрзНрж╖рзНржп) ЁЯОп</b>","<b>ржкржжрзНржзрждрж┐:</b> рж╢рзЗржЦрж╛рж░ ржЖржЧрзЗ ржЙржжрзНржжрзЗрж╢рзНржп ржирж┐рж░рзНржзрж╛рж░ржг<br><br><b>ржкрзНрж░рж╢рзНржи:</b> 'ржЖржорж┐ ржХрзА рж╢рж┐ржЦржм ржПржмржВ ржХрзЗржи?'<br><br><b>ржлрж╛рзЯржжрж╛:</b> ржлрзЛржХрж╛рж╕ржб рж▓рж╛рж░рзНржирж┐ржВ рж╣рзЯ"
"<b>Consistency (ржзрж╛рж░рж╛ржмрж╛рж╣рж┐ржХрждрж╛) ЁЯРв</b>","<b>ржкржжрзНржзрждрж┐:</b> ржкрзНрж░рждрж┐ржжрж┐ржи ржЕрж▓рзНржк рж╕ржорзЯ рж╢рзЗржЦрж╛<br><br><b>ржлрж░рзНржорзБрж▓рж╛:</b> ржкрзНрж░рждрж┐ржжрж┐ржи рзйрзж ржорж┐ржирж┐ржЯ > рж╕ржкрзНрждрж╛рж╣рзЗ рзз ржжрж┐ржи рзл ржШржгрзНржЯрж╛<br><br><b>ржлрж╛рзЯржжрж╛:</b> рж╕рзНржерж╛рзЯрзА ржкрзНрж░ржЧрзНрж░рзЗрж╕ рж╣рзЯ"
"<b>Spaced Learning (рж╕рзНржкрзЗрж╕ржб рж▓рж╛рж░рзНржирж┐ржВ) тП╕я╕П</b>","<b>ржкржжрзНржзрждрж┐:</b> ржЧрзНржпрж╛ржк ржжрж┐рзЯрзЗ рж╢рзЗржЦрж╛<br><br><b>ржлрж░рзНржорзБрж▓рж╛:</b> ржкрзЬрж╛ > рж░рж┐ржнрж┐ржЙ > ржмрзНрж░рзЗржХ > ржЖржмрж╛рж░ рж░рж┐ржнрж┐ржЙ<br><br><b>ржлрж╛рзЯржжрж╛:</b> ржмрзНрж░рзЗржирзЗрж░ рж░рж┐ржЯрзЗржирж╢ржи ржмрж╛рзЬрзЗ"
"<b>Mentorship (ржорзЗржирзНржЯрж░рж╢рж┐ржк) ЁЯСиЁЯПл</b>","<b>ржкржжрзНржзрждрж┐:</b> ржЕржнрж┐ржЬрзНржЮржжрзЗрж░ ржерзЗржХрзЗ ржЧрж╛ржЗржбрзЗржирзНрж╕ ржирзЗрзЯрж╛<br><br><b>ржЙржжрж╛рж╣рж░ржг:</b> рж╕рж╛ржкрзНрждрж╛рж╣рж┐ржХ ржлрж┐ржбржмрзНржпрж╛ржХ рж╕рзЗрж╢ржи<br><br><b>ржлрж╛рзЯржжрж╛:</b> ржнрзБрж▓ ржХржо рж╣рзЯ, рж╢рзЗржЦрж╛ рждрзНржмрж░рж╛ржирзНржмрж┐ржд рж╣рзЯ"
"<b>Real-World Application (ржмрж╛рж╕рзНрждржм ржкрзНрж░рзЯрзЛржЧ) ЁЯМН</b>","<b>ржкржжрзНржзрждрж┐:</b> рж╢рзЗржЦрж╛ ржЬрзНржЮрж╛ржи ржмрж╛рж╕рзНрждржмрзЗ ржмрзНржпржмрж╣рж╛рж░<br><br><b>ржЙржжрж╛рж╣рж░ржг:</b> ржХрзЛржбрж┐ржВ рж╢рж┐ржЦрзЗ ржкрзНрж░ржХрж▓рзНржк рждрзИрж░рж┐<br><br><b>ржлрж╛рзЯржжрж╛:</b> ржжржХрзНрж╖рждрж╛ ржмрж╛рзЬрзЗ"
"<b>Learn from Mistakes (ржнрзБрж▓ ржерзЗржХрзЗ рж╢рзЗржЦрж╛) ЁЯТб</b>","<b>ржкржжрзНржзрждрж┐:</b> ржнрзБрж▓ржХрзЗ ржЗржорзНржкрзНрж░рзБржнржорзЗржирзНржЯрзЗрж░ ржЯрзБрж▓ рж╣рж┐рж╕рзЗржмрзЗ ржжрзЗржЦрж╛<br><br><b>ржХрзМрж╢рж▓:</b> ржнрзБрж▓рзЗрж░ рж▓ржЧржмрзБржХ рждрзИрж░рж┐<br><br><b>ржлрж╛рзЯржжрж╛:</b> ржмрж╛рж░ржмрж╛рж░ ржПржХржЗ ржнрзБрж▓ ржПрзЬрж╛ржирзЛ ржпрж╛рзЯ"
"<b>Deep Focus (ржЧржнрзАрж░ ржлрзЛржХрж╛рж╕) ЁЯФН</b>","<b>ржкржжрзНржзрждрж┐:</b> ржоржирзЛржпрзЛржЧ рж╕рж╣ржХрж╛рж░рзЗ рж╢рзЗржЦрж╛<br><br><b>ржЯрж┐ржкрж╕:</b> ржорж╛рж▓рзНржЯрж┐ржЯрж╛рж╕рзНржХрж┐ржВ ржПрзЬрж┐рзЯрзЗ ржЪрж▓рзБржи<br><br><b>ржлрж╛рзЯржжрж╛:</b> ржХрж╛рж░рзНржпржХрж░ рж╢рзЗржЦрж╛ рж╣рзЯ"
"<b>Lifelong Mindset (рж╕рж╛рж░рж╛ржЬрзАржмржи рж╢рзЗржЦрж╛) тЩ╛я╕П</b>","<b>ржкржжрзНржзрждрж┐:</b> рж╢рзЗржЦрж╛ржХрзЗ ржЕржнрзНржпрж╛рж╕рзЗ ржкрж░рж┐ржгржд ржХрж░рж╛<br><br><b>ржоржирзНрждрзНрж░:</b> 'рж╢рзЗржЦрж╛ ржХржЦржирзЛржЗ рж╢рзЗрж╖ ржирзЯ'<br><br><b>ржлрж╛рзЯржжрж╛:</b> ржХрзНрж░ржорж╛ржЧржд ржЙржирзНржирждрж┐ рж╕ржорзНржнржм"