"Front","Back"
"<b>ğŸ­ Why should you <i>not</i> try to be too friendly on the first day of teaching?</b>","<p>ğŸ›‘ Because trying to be liked too soon often makes you lose authority.<br><br><b>ğŸ’¡ Analogy:</b> Imagine a parent who lets their child eat cake for dinner to be popular â€” the child likes it short-term but respects them less long-term.<br><br>ğŸ‘©â€ğŸ« Students need structure before charm. When you prioritize connection over boundaries early, you create confusion and chaos.<br><br>âœ… <b>Principle:</b> 'Respect first, rapport later.'<br>ğŸ¯ Start with clear boundaries, eye contact, calm tone. Be kind, not clingy.<br><br>ğŸ§  <b>Mental Model:</b> First Impressions â†’ Frame the relationship. You can loosen up later, but tightening boundaries after a loose start is <i>ten times harder.</i></p>"
"<b>ğŸšª How should a teacher enter the classroom for the first time to establish authority?</b>","<p>ğŸ§â€â™€ï¸ Walk in slowly. Donâ€™t speak. Stand still. Let silence spread.<br><br>ğŸ’¡ <b>Analogy:</b> Like a skilled actor entering the stage â€” the pause makes the audience pay attention.<br><br>ğŸ”• Silence creates a psychological signal: 'This person is in charge.'<br><br>ğŸ‘ Hold eye contact with a few students. Donâ€™t fidget or smile too much. Let the class settle.<br><br>ğŸ¯ <b>Pro Tip:</b> Wait 5â€“7 seconds before you speak. It builds gravity.<br><br>ğŸ§  <b>Mental Model:</b> â€œStillness = Signal.â€ The one who controls silence controls attention.</p>"
"<b>ğŸ—£ Why does silence work better than shouting in classroom control?</b>","<p>ğŸ”‡ <b>Because silence draws attention.</b> Shouting shows loss of control. Calm waiting shows power.<br><br>ğŸ’¡ <b>Analogy:</b> A confident leader in a crisis speaks slowly â€” everyone listens. A panicked leader yells â€” people panic too.<br><br>ğŸ¯ When students are loud, <i>pause your body</i>, <i>lower your tone</i>, and <b>wait</b>. Eyes will turn.<br><br>âœ¨ Say, <i>'Iâ€™ll wait for silence.'</i> calmly. Then pause again.<br><br>ğŸ§  <b>Core idea:</b> The classroom mirrors your energy. Slow = respect. Rush = chaos.</p>"
"<b>ğŸ“ Whatâ€™s the difference between classroom â€˜rulesâ€™ and â€˜routinesâ€™?</b>","<p>ğŸ”¹ <b>Rules</b> are what students <i>should or shouldnâ€™t do</i> (e.g., 'Respect others').<br>ğŸ” <b>Routines</b> are <i>how things are done</i> (e.g., entering quietly, handing in homework).<br><br>ğŸ’¡ <b>Analogy:</b> Rules are road laws. Routines are driving habits. Both keep traffic smooth.<br><br>ğŸ¯ Teach routines like lessons â€” model them, repeat them, practice with students.<br><br>ğŸ§  <b>Mental Model:</b> Habits > Warnings. Structure removes the need for shouting.</p>"
"<b>ğŸ™ What is â€˜Teacher Voiceâ€™ and how can it be your superpower?</b>","<p>ğŸ—£ <b>â€˜Teacher Voiceâ€™</b> is a calm, strong, clear tone used to signal importance and command attention â€” without shouting.<br><br>ğŸ’¡ <b>Analogy:</b> Like a lighthouse guiding ships â€” firm, visible, constant.<br><br>ğŸ¯ Practice speaking slowly, using pauses, and keeping your tone low (not high-pitched).<br><br>ğŸ”‘ <b>Use scripts:</b> 'In this class, we listen when someone is speaking.'<br><br>ğŸ§  <b>Mental Model:</b> Volume â‰  Power. Control = Power.</p>"
"<b>ğŸ‘€ What is the 'Teacher Look' and why is it effective?</b>","<p>ğŸ‘â€ğŸ—¨ <b>The 'Teacher Look'</b> is a steady, serious gaze used to non-verbally signal disapproval or call for attention.<br><br>ğŸ’¡ <b>Analogy:</b> Like a referee raising a hand before a foul whistle â€” it changes behavior before words are needed.<br><br>ğŸ¯ Use it when a student is off-task â€” pause, look, and hold the gaze without speaking.<br><br>ğŸ§  <b>Core Strategy:</b> Redirect with presence, not punishment.<br><br>âœ… Calm + Eye Contact = Power without words.</p>"
"<b>ğŸ§  Why is consistency more important than charisma in classroom management?</b>","<p>ğŸ” <b>Because students feel safer and more respectful when expectations are predictable.</b><br><br>ğŸ’¡ <b>Analogy:</b> A great restaurant may be fun, but if it sometimes serves raw food â€” people stop going. Predictability builds trust.<br><br>ğŸ¯ Be fair, be firm, and <i>apply rules every time</i>, even when tired.<br><br>ğŸ§  <b>Mental Model:</b> Authority = Structure + Repetition</p>"
"<b>ğŸ§© What is a â€˜Do Nowâ€™ and how does it help focus a class?</b>","<p>âœï¸ <b>A â€˜Do Nowâ€™</b> is a short, purposeful task students complete immediately upon entering the classroom.<br><br>ğŸ’¡ <b>Analogy:</b> Like a warm-up in sports â€” it sets the tone and prepares the mind.<br><br>ğŸ¯ Example: 'Write one goal for todayâ€™s class' or 'Review yesterdayâ€™s main idea in 2 lines'.<br><br>âœ… Reduces idle chatter, increases responsibility.<br><br>ğŸ§  <b>Mental Model:</b> Momentum beats Motivation. Start strong, stay strong.</p>"
"<b>ğŸ“£ What tone should a teacher use when correcting behavior?</b>","<p>ğŸ¯ Use a calm, matter-of-fact tone. Avoid sarcasm, yelling, or sounding pleading.<br><br>ğŸ’¡ <b>Analogy:</b> Like a GPS saying 'Recalculating' â€” firm, but not emotional.<br><br>ğŸ§  <b>Tip:</b> Speak to the behavior, not the person. <br>âŒ Donâ€™t say: 'Youâ€™re always disrespectful!'<br>âœ… Say: 'Speaking while others are talking breaks our rule.'<br><br>ğŸ§  <b>Mental Model:</b> Detachment = Clarity. Emotion clouds correction.</p>"
"<b>ğŸ” How do you reinforce class rules to make them stick?</b>","<p>ğŸ“œ <b>Donâ€™t just say rules â€” teach, model, repeat them.</b><br><br>ğŸ’¡ <b>Analogy:</b> You donâ€™t teach driving by listing road signs â€” you drive repeatedly.<br><br>ğŸ¯ Role-play correct and incorrect behaviors. Ask students to repeat expectations aloud.<br><br>ğŸ§  <b>Core Idea:</b> Practice builds neural pathways â€” even for discipline.<br><br>âœ… What is practiced becomes automatic.</p>"
