question,answer
What is ascorbic acid?,"Ascorbic acid, also known as vitamin C, is a water-soluble antioxidant essential for immune function, collagen synthesis, and protection against oxidative stress."
How is ascorbic acid converted to dehydroascorbic acid?,"Ascorbic acid is oxidized to dehydroascorbic acid in a redox reaction, losing 2 electrons and 2 protons (H⁺)."
What is a redox titration?,"A redox titration is a technique used to determine the concentration of an analyte by using a redox reaction, where one substance is oxidized and another is reduced."
What is titrated in this experiment?,"In this experiment, ascorbic acid (vitamin C) is titrated with iodine solution to determine its concentration."
What is the role of starch in the titration?,"Starch acts as an indicator, forming a blue-black complex with iodine to signal the endpoint of the titration."
What is soluble starch?,"Soluble starch is a form of starch that dissolves in water and is used as an indicator in redox titrations."
Give an example of another redox indicator.,"Another redox indicator is phenolphthalein, used in acid-base titrations."
How is iodine solution prepared?,"Iodine solution is prepared by dissolving 2 g of potassium iodide and 1.32 g of iodine in distilled water, then diluting to 1 L."
What is the importance of vitamin C in the body?,"Vitamin C is crucial for immune function, collagen synthesis, wound healing, and as an antioxidant that protects cells from oxidative damage."
Why is iodine important in the body?,"Iodine is essential for the synthesis of thyroid hormones (T3 and T4), which regulate metabolism, growth, and development."
What is the thyroid gland?,"The thyroid gland is an endocrine gland that produces thyroid hormones (T3 and T4) to regulate metabolism and energy balance."
What are T3 and T4?,"T3 (triiodothyronine) and T4 (thyroxine) are thyroid hormones that regulate metabolism, growth, and development."
How are T3 and T4 related to iodine?,"Iodine is a key component of T3 and T4. T3 contains 3 iodine atoms, and T4 contains 4 iodine atoms."
Why is iodine important for thyroid function?,"Iodine is required for the synthesis of thyroid hormones. A deficiency can lead to hypothyroidism or goiter."
What is the role of antioxidants in the body?,"Antioxidants neutralize free radicals, preventing oxidative damage to cells and reducing the risk of chronic diseases."
Why is vitamin C important as an antioxidant?,"Vitamin C donates electrons to neutralize free radicals, protecting cells from oxidative stress and supporting immune function."
What diseases are related to vitamin C deficiency?,"Vitamin C deficiency can cause scurvy, characterized by fatigue, gum disease, and poor wound healing."
What diseases are related to iodine deficiency?,"Iodine deficiency can cause goiter, hypothyroidism, and developmental disorders like cretinism."
What is a redox reaction?,"A redox reaction involves the transfer of electrons between two species, where one is oxidized (loses electrons) and the other is reduced (gains electrons)."
What is oxidation?,"Oxidation is the loss of electrons or an increase in oxidation state by a molecule, atom, or ion."
What is reduction?,"Reduction is the gain of electrons or a decrease in oxidation state by a molecule, atom, or ion."
What are natural sources of vitamin C?,"Natural sources of vitamin C include citrus fruits (oranges, lemons), strawberries, bell peppers, broccoli, and spinach."
What are natural sources of iodine?,"Natural sources of iodine include iodized salt, seafood (fish, shellfish), dairy products, and seaweed."
What is the role of titration indicators?,"Titration indicators provide a visual signal (color change) to indicate the endpoint of a titration."
Give examples of other titration indicators.,"Examples include phenolphthalein (acid-base), methyl orange (acid-base), and potassium permanganate (redox)."
What is the chemical formula of ascorbic acid?,"The chemical formula of ascorbic acid is C₆H₈O₆."
What is the chemical formula of iodine?,"The chemical formula of iodine is I₂."
What is the chemical formula of potassium iodide?,"The chemical formula of potassium iodide is KI."
What is the chemical formula of dehydroascorbic acid?,"The chemical formula of dehydroascorbic acid is C₆H₆O₆."
What is the role of potassium iodide in iodine solution?,"Potassium iodide helps dissolve iodine in water by forming the triiodide ion (I₃⁻), stabilizing the iodine solution."
What is the endpoint of the titration in this experiment?,"The endpoint is marked by the formation of a blue-black starch-iodine complex, indicating all ascorbic acid has been oxidized."
What is the ideal titre volume range for the titration?,"The ideal titre volume is 10–30 mL. Adjust aliquot size or dilute the sample if outside this range."
How can oxidation of ascorbic acid be minimized?,"Prepare samples immediately before titration or add 1 g of oxalic acid per 100 mL of sample solution."
What is the molecular weight of ascorbic acid?,"The molecular weight of ascorbic acid is 176.12 g/mol."
What is the molecular weight of iodine?,"The molecular weight of iodine (I₂) is 253.8 g/mol."
What is the molecular weight of potassium iodide?,"The molecular weight of potassium iodide (KI) is 166.0 g/mol."
What is the alternative method to determine iodine concentration?,"Titrate the iodine solution with a standard solution of ascorbic acid or potassium thiosulfate using a starch indicator."
What is the advantage of using potassium iodate over iodine?,"Potassium iodate solutions are more stable and reliable as primary standards compared to iodine solutions."
What is the disadvantage of using iodine in the titration?,"Iodine solutions are less stable and may require frequent standardization."
What is the purpose of grinding fruits and vegetables for sample preparation?,"Grinding breaks down the cell walls, releasing ascorbic acid into the solution for accurate measurement."
What is the purpose of straining the sample through cheesecloth?,"Straining removes solid particles (e.g., seeds, pulp) that could interfere with pipetting or titration."
What is the role of the burette in the experiment?,"The burette is used to accurately measure and dispense the iodine solution during titration."
What is the role of the conical flask in the experiment?,"The conical flask holds the sample solution and allows for easy mixing during titration."
What is the purpose of cooling the starch solution before use?,"Cooling ensures the starch solution is stable and does not degrade before use."
What is the purpose of rinsing the beaker when preparing the iodine solution?,"Rinsing ensures all traces of iodine and potassium iodide are transferred to the volumetric flask for accurate concentration."
What is the purpose of using a volumetric flask?,"A volumetric flask ensures precise dilution of solutions to the desired volume."
What is the purpose of using a pipette in the experiment?,"A pipette accurately measures and transfers aliquots of the sample solution for titration."
What is the purpose of using a measuring cylinder?,"A measuring cylinder measures approximate volumes of liquids, such as distilled water for dilution."
What is the purpose of using a mortar and pestle?,"A mortar and pestle is used to grind solid fruits and vegetables to extract ascorbic acid."
What is the purpose of using a food processor in sample preparation?,"A food processor blends fruits/vegetables with water to extract ascorbic acid efficiently."
What is the purpose of using a watch glass?,"A watch glass is used to dry crystals or hold small amounts of solid samples."
What is the purpose of using a clay plate?,"A clay plate is used to dry crystals or hold small amounts of solid samples."
What is the purpose of using a Hirsch funnel?,"A Hirsch funnel is used for vacuum filtration to collect solid products."
What is the purpose of using a Craig tube?,"A Craig tube is used for microscale crystallization to purify solid products."
What is the purpose of using a micro-spatula?,"A micro-spatula is used to handle small amounts of solid samples or induce crystallization."
What is the purpose of using a glass stirring rod?,"A glass stirring rod is used to mix solutions or induce crystallization by scratching the flask."
What is the purpose of using a magnet in the experiment?,"A magnet is used to remove a magnetic spin vane from the reaction mixture."
What is the purpose of using a spin vane?,"A spin vane is used to stir the reaction mixture during heating or mixing."
What is the purpose of using an air condenser?,"An air condenser prevents the loss of volatile components during heating."
What is the purpose of using an aluminum block or sand bath?,"An aluminum block or sand bath provides even heating for the reaction mixture."
What is the purpose of using a fume hood?,"A fume hood protects against harmful vapors, such as those from acetic anhydride or iodine."
What is the purpose of using a balance?,"A balance is used to accurately weigh chemicals, such as potassium iodide and iodine."
What is the purpose of using a hot plate?,"A hot plate is used to heat solutions, such as the starch indicator solution."
What is the purpose of using a centrifuge tube?,"A centrifuge tube is used to balance the Craig tube during centrifugation."
What is the purpose of using a smooth paper?,"Smooth paper is used to collect and dry crystals after centrifugation."
What is the purpose of using a labeled vial?,"A labeled vial is used to store and submit the final product for evaluation."
What is the purpose of using a notebook?,"A notebook is used to record observations, calculations, and results during the experiment."